group,A,B,C,D,E,F,G	
Ashneer,206.83,14.140196078,80,170,50	
Anupam,251.8,26.943636364,98,220,30	
Aman,119.93,35.626153846,82,260,100	
Peyush,238.03,12.66769231,76,260,210	
Ghazal,311.93,48.14,23,250,41	
Vineeta,133.26,19.919166667,60,12,320	
Namita,219.8,45.0025,87,20,180	
