group,A,B,C,D,E,F,G	
Ashneer,560.83,4.140196078,80,17,5	
Anupam,518.8,6.943636364,98,22,1	
Aman,799.93,5.626153846,82,26,6	
Peyush,784.03,12.66769231,76,26,3	
Ghazal,119.93,8.14,23,5,7	
Vineeta,338.26,9.919166667,60,12,2	
Namita,595.8,5.0025,87,20,1	
