group,A,B,C,D,E,F,G	
Ashneer,16.83,14.140196078,80,17,25	
Anupam,51.8,26.943636364,98,22,11	
Aman,19.93,35.626153846,82,26,76	
Peyush,38.03,12.66769231,76,26,03	
Ghazal,11.93,48.14,23,25,47	
Vineeta,33.26,19.919166667,60,12,32	
Namita,19.8,45.0025,87,20,18	
