group,A,B,C,D,E,F,G	
Ashneer,16.83,14.140196078,80,17,50	
Anupam,51.8,26.943636364,98,22,30	
Aman,19.93,35.626153846,82,26,100	
Peyush,38.03,12.66769231,76,26,210	
Ghazal,11.93,48.14,23,25,41	
Vineeta,33.26,19.919166667,60,12,320	
Namita,19.8,45.0025,87,20,180	
